"case_id","doc_names"
"Case14017","BCBS_FEP_204102 Whole Exome and.pdf"
"Case4604","BCBS_FEP_204102 Whole Exome and.pdf"
"Case18821","BCBS_FEP_204102 Whole Exome and.pdf"
"Case13","BCBS_FEP_204102 Whole Exome and.pdf"
"Case8051","BCBS_FEP_204102 Whole Exome and.pdf"
"Case8485","Cigna_MOL.TS_.235.C_Whole_Exome_Sequencing_Cigna_eff01.01.2025_pub09.20.2024.pdf"
"Case3494","Cigna_MOL.TS_.235.C_Whole_Exome_Sequencing_Cigna_eff01.01.2025_pub09.20.2024.pdf"
"Case4196","BCBS_FEP_204102 Whole Exome and.pdf"
"Case14141","BCBS_FEP_204102 Whole Exome and.pdf"
"Case2847","BCBS_FEP_204102 Whole Exome and.pdf"
"Case811","BCBS_FEP_204102 Whole Exome and.pdf"
"Case9408","BCBS_FEP_204102 Whole Exome and.pdf"
"Case4262","BCBS_FEP_204102 Whole Exome and.pdf"
"Case11795","BCBS_FEP_204102 Whole Exome and.pdf"
"Case9349","BCBS_FEP_204102 Whole Exome and.pdf"
"Case13983","BCBS_FEP_204102 Whole Exome and.pdf"
"Case6747","BCBS_FEP_204102 Whole Exome and.pdf"
"Case2162","BCBS_FEP_204102 Whole Exome and.pdf"
"Case7447","BCBS_FEP_204102 Whole Exome and.pdf"
"Case19162","BCBS_FEP_204102 Whole Exome and.pdf"
"Case14155","Cigna_MOL.TS_.306.C_Whole_Genome_Sequencing_Cigna_eff01.01.2025_pub09.10.2024.pdf"
"Case3223","BCBS_FEP_20402 Germline Genetic Testing for.pdf"
"Case14195","BCBS_FEP_20402 Germline Genetic Testing for.pdf"
"Case22","BCBS_FEP_20402 Germline Genetic Testing for.pdf"
"Case15458","BCBS_FEP_20402 Germline Genetic Testing for.pdf"
"Case6867","BCBS_FEP_20402 Germline Genetic Testing for.pdf"
"Case16126","BCBS_FEP_20402 Germline Genetic Testing for.pdf"
"Case14408","Cigna_MOL.TS_.238.A_BRCA_Analysis_eff01.01.2025_pub09.10.2024_1.pdf"
"Case2007","BCBS_FEP_20402 Germline Genetic Testing for.pdf"
"Case15570","BCBS_FEP_20402 Germline Genetic Testing for.pdf"
"Case3581","Cigna_MOL.TS_.238.A_BRCA_Analysis_eff01.01.2025_pub09.10.2024_1.pdf"
"Case15202","BCBS_FEP_20402 Germline Genetic Testing for.pdf"
"Case12792","BCBS_FEP_20402 Germline Genetic Testing for.pdf"
"Case14226","Cigna_MOL.TS_.238.A_BRCA_Analysis_eff01.01.2025_pub09.10.2024_1.pdf"
"Case2666","BCBS_FEP_20402 Germline Genetic Testing for.pdf"
"Case17595","BCBS_FEP_20459 Genetic Testing for Developmental.pdf"
"Case5834","BCBS_FEP_20459 Genetic Testing for Developmental.pdf"
"Case17196","BCBS_FEP_20459 Genetic Testing for Developmental.pdf"
"Case10075","BCBS_FEP_20459 Genetic Testing for Developmental.pdf"
"Case9773","BCBS_FEP_20459 Genetic Testing for Developmental.pdf"
